{"4":5.2,"5":7.133333333333334,"6":9.266666666666667,"7":11.966666666666667,"8":14.7,"9":18.233333333333334,"10":19.233333333333334,"11":23.433333333333334,"12":25.766666666666666,"13":29,"14":33.166666666666664,"15":36.666666666666664}